geolocation_id,geolocation_lat,geolocation_lng,city,state,id,seller_id
1040,-23.540316757429707,-46.63735536871719,SAO PAULO,SP,59,784ba75dd9d20200c4caed3d7a77141a
1001,-23.54929199999999,-46.633559478233785,SAO PAULO,SP,99,8602a61d680a10a82cceeeda0d99ea3d
1044,-23.544896375238064,-46.64201998306312,SAO PAULO,SP,148,9d39404483343dd55c7ae254494d8388
1257,-23.542921655288804,-46.687539331669456,SAO PAULO,SP,3293,1bb2bdb95f4841f1bba2c0d2cd83d3c9
1230,-23.537763450458765,-46.65760851679266,SAO PAULO,SP,3296,1354d51653f645349064725ed204e85e
1214,-23.539690634196997,-46.6462616555486,SAO PAULO,SP,3315,5b2e94f2c22b39ccc24d34ad0f669672
1224,-23.54038952262104,-46.64958335123206,SAO PAULO,SP,3329,bf00385a5f7fc1ef39a13c2e9ee50a5f
1239,-23.544602822090148,-46.65543934860632,SAO PAULO,SP,3354,04e38a233f726ef161074ab1c9b0399a
1222,-23.54575486372553,-46.65030098889149,SAO PAULO,SP,3358,8bd0f31cf0a614c658f6763bd02dea69
1201,-23.534080522072767,-46.65184199999999,SAO PAULO,SP,3368,610f72e407cdd7caaa2f8167b0163fd8
1212,-23.537511255832708,-46.63705730743676,SAO PAULO,SP,3378,8b321bb669392f5163d04c59e235e066
1210,-23.54181492728946,-46.64390112337694,SAO PAULO,SP,3402,e2a1ac9bf33e5549a2a4f834e70df2f8
1233,-23.540299470713855,-46.66278360519932,SAO PAULO,SP,3466,e5a38146df062edaf55c38afa99e42dc
1206,-23.53292256174625,-46.64500926712456,SAO PAULO,SP,3475,f3c38ab652836d21de61fb8314b69182
1208,-23.540822507357586,-46.6397147149576,SAO PAULO,SP,3633,70c4eedec9cb4a85cda2f3f9673557b4
1310,-23.56495811933758,-46.65213530737497,SAO PAULO,SP,7711,67883baaae6134ee81b271a542613728
1319,-23.55156260866176,-46.64021297307979,SAO PAULO,SP,7759,18a349e75d307f4b4cc646a691ed4216
1403,-23.563494723007683,-46.64829324424374,SAO PAULO,SP,11400,e3e290b38963293022cdcd6db8328103
1408,-23.56902716625309,-46.66154015459633,SAO PAULO,SP,11416,5721089ba9214e80074f27d5a03fc0eb
1411,-23.566090714409345,-46.66660173313523,SAO PAULO,SP,11436,c8e135e7b21ecbc36c1153a29d2f5a06
1547,-23.58355205551385,-46.6199794483813,SAO PAULO,SP,16035,0bf0150d5b9d60d9cd2906003332f085
1511,-23.563943696087478,-46.63251002164008,SAO PAULO,SP,16066,7d76b645482be4a332374e8223836592
1550,-23.573893536499494,-46.61621090590919,SAO PAULO,SP,16110,5f3ae9136c875522250f8184f253413a
1552,-23.56555295697963,-46.61139073645346,SAO PAULO,SP,16127,8bdd8e3fd58bafa48af76b2c5fd71974
1512,-23.553701371631384,-46.62961645213219,SAO PAULO,SP,16140,bbad7e518d7af88a0897397ffdca1979
1539,-23.571578567026386,-46.61990256064975,SAO PAULO,SP,16152,6e386f64c84e482f0b9abf960797ee1b
2030,-23.504769581649203,-46.62470303231384,SAO PAULO,SP,19083,821fb029fc6e495ca4f08a35d51e53a5
2034,-23.50425549653755,-46.6229112799065,SAO PAULO,SP,19105,63b464dbf392c7b80d12d932fa7cafed
2066,-23.50841976833352,-46.603879572650094,SAO PAULO,SP,19117,1eade46fba20122dc4aefb379f8c636b
2016,-23.501207575891478,-46.631722461754514,SAO PAULO,SP,19126,7b07b3c7487f0ea825fc6df75abd658b
2036,-23.502179503750916,-46.61968049999999,SAO PAULO,SP,19268,87d30a6a0cbf89356e49324971ab1d24
2028,-23.50751845268047,-46.6174707485429,SAO PAULO,SP,19273,4371b634e0efc0e22b09b52907d9d469
2124,-23.505254643632053,-46.57671330599,SAO PAULO,SP,21519,079d295dcbf06ee8bb1b65ba964eb2b6
2134,-23.500716537884472,-46.58971616264639,SAO PAULO,SP,21530,643214e62b870443ccbe55ab29a4dccf
2150,-23.494558892867445,-46.568188488199,SAO PAULO,SP,21570,55d3daac7c404d59e51c2aa2f4dc5a23
2189,-23.507675947544566,-46.56858302164007,SAO PAULO,SP,21589,8fdca8e349553f99bc738833a62c8802
2118,-23.51499054491392,-46.59291223327074,SAO PAULO,SP,21660,de09d00cfc265b8804c7df34075a68fa
2258,-23.477057444630383,-46.58387400000001,SAO PAULO,SP,23192,e0a366315b1b726b6c7832d664c0f530
2261,-23.467961586450706,-46.57785809229264,SAO PAULO,SP,23248,e9e446d01bd10a97a8ffcfc4a3a20cb2
2281,-23.451399775463106,-46.57178095475792,SAO PAULO,SP,23257,44f091b5abab8018f682fce8124b85e5
2274,-23.46694212600267,-46.58579637982569,SAO PAULO,SP,23302,ba143b05f0110f0dc71ad71b4466ce92
2252,-23.480948043568617,-46.58920397460899,SAO PAULO,SP,23516,cab85505710c7cb9b720bceb52b01cee
2310,-23.47266471135092,-46.59923598903572,SAO PAULO,SP,26151,0692610d8abe24f287e9fae90ea0bbee
2336,-23.47991005744708,-46.618817165416345,SAO PAULO,SP,26251,808d4348b916efa08e766ebad39f61eb
2376,-23.459169352761265,-46.62848440674591,SAO PAULO,SP,26265,2f74af7a0ee5636f12c2336f9fffed47
2407,-23.48531724424374,-46.62389075575627,SAO PAULO,SP,28695,f3da5b2ff499efb8d4a6d371d175d7dd
2470,-23.484987872004957,-46.6497521977615,SAO PAULO,SP,28734,41b86b552e54e3a7009596125aa8b167
2451,-23.497304322234378,-46.64365921816026,SAO PAULO,SP,28742,3a1a1fec38dd360f15fc912e821e169d
2443,-23.47085334332621,-46.64795890313922,SAO PAULO,SP,28769,8a32e327fe2c1b3511609d81aaf9f042
2522,-23.50396353649949,-46.66038180489347,SAO PAULO,SP,31885,3a3e46d10f74d8a6ca76e2b538f106a0
2537,-23.49269727560733,-46.654851038028696,SAO PAULO,SP,31889,bf84056e679dbe9c69929847a40e338f
2610,-23.47581414516125,-46.66691486288881,SAO PAULO,SP,33723,77128dec4bec4878c37ab7d6169d6f26
2634,-23.456904580068123,-46.64976420483004,SAO PAULO,SP,33788,d12c926d74ceff0a90a21184466ce161
2752,-23.49446991978765,-46.68261162753189,SAO PAULO,SP,35213,aac51c486b672a9850d59f3e84b1cf88
2750,-23.49346062031853,-46.67971318789317,SAO PAULO,SP,35488,7caa63f175b1cecbfaadd8b5ab9998c7
2839,-23.477818578683145,-46.6830360416354,SAO PAULO,SP,36559,6a8a889bde935bafa76d7848782dfaf9
2820,-23.449303593109864,-46.71413090022502,SAO PAULO,SP,36569,2e7ea2aafec5835e781b21d6d1faf1f1
2804,-23.48381025284207,-46.69528157314321,SAO PAULO,SP,36705,20d83f3ef0e6925fd74bfd59170babf7
2976,-23.470696121011013,-46.71445268443071,SAO PAULO,SP,38687,1a932caad4f9d804097d7f8e615baed1
2918,-23.49508588991843,-46.71850713859618,SAO PAULO,SP,38720,499ec63c58e51296c9cf57edcfe1c8a8
2969,-23.48157580099833,-46.713232896474125,SAO PAULO,SP,38751,89bc797e2e29667aa035d4368f9b7f92
2929,-23.49307985429048,-46.707579843326215,SAO PAULO,SP,38825,1e483cc5c76fef08d3ca05f9a8af7d01
2963,-23.488379381903176,-46.6993001261469,SAO PAULO,SP,38908,bd4889b5e9133b35b66e42a8665cea5c
2972,-23.48275530391252,-46.71030280974091,SAO PAULO,SP,39093,1c129092bf23f28a5930387c980c0dfc
2955,-23.46846504302036,-46.72128166763807,SAO PAULO,SP,39293,b561927807645834b59ef0d16ba55a24
3059,-23.53918363835193,-46.5914358753823,SAO PAULO,SP,41568,87d3c3aeb3ead335511b3ce315eb341e
3087,-23.530278666945573,-46.56409933334289,SAO PAULO,SP,41574,c6bda72e4dbf5c5866b13cb1810c6d03
3006,-23.543135968636395,-46.62371555453289,SAO PAULO,SP,41593,ce27a3cc3c8cc1ea79d11e561e9bebb6
3001,-23.54138387625104,-46.6140494458142,SAO PAULO,SP,41607,b9ca8e8baa5d4aa038394a700f63e69f
3018,-23.534531381903168,-46.60930148320733,SAO PAULO,SP,41678,71039d19d4303bf9054d69e9a9236699
3035,-23.527993662502173,-46.61430268013154,SAO PAULO,SP,41767,3f3486b61f45078d4f31ee5e43d8c5bb
3017,-23.53528171302436,-46.61073844408211,SAO PAULO,SP,42047,a49928bcdf77c55c6d6e05e09a9b4ca5
3028,-23.527539471550583,-46.60767203274859,SAO PAULO,SP,42053,cb3dd9ce66268c7a3ca7241ac70ab58c
3168,-23.555536365254746,-46.591608394396665,SAO PAULO,SP,44739,134a288e7de827ec5ec62e3ec9c3a295
3186,-23.56726954731953,-46.5841802514571,SAO PAULO,SP,44741,f12ff17ad8bbf01ec5c33b17e506649b
3182,-23.558655719401003,-46.59227849125742,SAO PAULO,SP,44766,e1643dff33666ca629e3644c02738179
3106,-23.55770667499565,-46.61476439993657,SAO PAULO,SP,44839,2745f798279e0ed033addcc1474776d7
3167,-23.55679656928062,-46.5914405844863,SAO PAULO,SP,44862,4c18691b6037662be2df78a765d98ab5
3187,-23.56625438634395,-46.58008932066862,SAO PAULO,SP,44922,8a130737016f838139d31878787a39c9
3126,-23.577426579815427,-46.59312473736251,SAO PAULO,SP,45037,db4350fd57ae30082dec7acbaacc17f9
3194,-23.56788988703906,-46.57394821510183,SAO PAULO,SP,48567,76d5af76d0271110f9af36c92573f765
3210,-23.601201453517177,-46.54908781571352,SAO PAULO,SP,49231,3ab971ce71839580d2ae5b4e40fe8044
3275,-23.576993758814687,-46.55237445100703,SAO PAULO,SP,49238,f76a3b1349b6df1ee875d1f3fa4340f0
3236,-23.589502910352596,-46.55417194561133,SAO PAULO,SP,49247,d63f306de130e0391d38a792541723b8
3265,-23.59436349708581,-46.54121411518264,SAO PAULO,SP,49264,272f092de69afedd4d2969440b37f18f
3279,-23.58546527338563,-46.54037163044606,SAO PAULO,SP,49292,7210cd29727d674c00741e5e387b3ccd
3273,-23.578318844445207,-46.56142088891244,SAO PAULO,SP,49349,99a54764c341d5dc80b4a8fac4eba3fb
3204,-23.59608602775692,-46.56138963197528,SAO PAULO,SP,49353,1025f0e2d44d7041d6cf58b6550e0bfa
3237,-23.593296625310177,-46.552483806970926,SAO PAULO,SP,49367,b76dba6c951ab00dc4edf0a1aa88037e
3244,-23.60859540601326,-46.54116110150616,SAO PAULO,SP,49419,3d4b1ae7539303b5704493798893e82c
3287,-23.59375151817763,-46.53440071663103,SAO PAULO,SP,49596,31561f325664a8a7aba4c8d0c3a9b3db
3318,-23.5444309114491,-46.56572679892087,SAO PAULO,SP,52339,b2eecf5ea250510da76590ca79d60e5d
3303,-23.545741270669254,-46.5926468408794,SAO PAULO,SP,52437,2646baaf662d4d92ac48f047e35db92d
3320,-23.54702492255761,-46.56806777338564,SAO PAULO,SP,52442,725c32fa80c2faacc4fc88450d27314e
3363,-23.561079831525216,-46.53865894823707,SAO PAULO,SP,52447,1cbd32d00d01bb8087a5eb088612fd9c
3333,-23.55606192783773,-46.56847065168213,SAO PAULO,SP,52465,00ee68308b45bc5e2660cd833c3f81cc
3307,-23.544273688037396,-46.57458482708181,SAO PAULO,SP,52501,15fa791d5e017f66402dc28c44480657
3331,-23.55159434471118,-46.57918922231519,SAO PAULO,SP,52690,fdb9095204a334cd8872252ffec6f2db
3306,-23.543005704137556,-46.57616880489346,SAO PAULO,SP,52699,aced59e9b31ef866a94f9e7f29d8d418
3382,-23.57939733110687,-46.532327307196425,SAO PAULO,SP,52785,a080fc8a850289b27500f6b49cca2553
3477,-23.56753031883281,-46.51205478799173,SAO PAULO,SP,56145,1b8356dabde1d35e17cef975c3f82730
3476,-23.569773311098984,-46.50837606199163,SAO PAULO,SP,56167,e8f6dc8e6a1dcde89d20e3995c8d90b3
3437,-23.55963973988862,-46.53005305190731,SAO PAULO,SP,56175,d5ba419e26d246a0719437cf37d9b46d
3449,-23.55529689647412,-46.52116169608749,SAO PAULO,SP,56187,c5e60e39c0f42b8e827daa13cff74afa
3470,-23.57030924202203,-46.52414544240867,SAO PAULO,SP,56201,b2ba3715d723d245138f291a6fe42594
3426,-23.549508764643058,-46.53639808881068,SAO PAULO,SP,56249,7a67c85e85bb2ce8582c35f2203ad736
3461,-23.572103418316622,-46.523499169561774,SAO PAULO,SP,56294,2e1a7d075abe038c1b2743005fe42ff1
3471,-23.56507229944942,-46.52057891909824,SAO PAULO,SP,56343,dd7ddc04e1b6c2c614352b383efe2d36
3417,-23.540439635581976,-46.54731411948181,SAO PAULO,SP,56487,82e0a475a88cc9595229d8029273f045
3431,-23.548066710802654,-46.54405460505509,SAO PAULO,SP,56695,f80edd2c5aaa505cc4b0a3b219abf4b8
3589,-23.550146256448752,-46.4820405298344,SAO PAULO,SP,58521,189ca3538ce9f920cacf0f982cbe223b
3551,-23.53447046227479,-46.50298724089253,SAO PAULO,SP,58539,cb9fb4ca75d7ba8437480e8dde64fe98
3563,-23.54462715015292,-46.49124513558198,SAO PAULO,SP,58543,30a81d8cf85fb2ada1b1b094c9583a95
3504,-23.533697346932883,-46.53920421342839,SAO PAULO,SP,58563,92eb0f42c21942b6552362b9b114707d
3564,-23.533660665560596,-46.49921086886143,SAO PAULO,SP,58565,f262cbc1c910c83959f849465454ddd3
3573,-23.56168119891244,-46.50627110555333,SAO PAULO,SP,58577,4830e40640734fc1c52cd21127c341d4
3567,-23.53774784984708,-46.48693897085809,SAO PAULO,SP,58584,13fa2a6c6b9d0f43cb588d7c82117a12
3548,-23.539858721622704,-46.51019320038666,SAO PAULO,SP,58596,c24173065483e421f9e5e7f599de101d
3526,-23.550198568969623,-46.51080825161544,SAO PAULO,SP,58642,bd65d163ded559eb90a10cd09fec178f
3542,-23.531567427145244,-46.51982140313921,SAO PAULO,SP,58650,e9d99831abad74458942f21e16f33f92
3514,-23.535569074383968,-46.52032680183506,SAO PAULO,SP,58657,e24d3429d294b2eb200b064ebb035879
3543,-23.535825097697494,-46.51586509117663,SAO PAULO,SP,58702,6ddc28b61be28373b4503a1f61cf98a9
3550,-23.533890768249744,-46.50874104662705,SAO PAULO,SP,58726,3969863bb8af7f72580b3b1ffd3a17b3
3562,-23.54585052178431,-46.497269823619376,SAO PAULO,SP,58754,d9a84e1403de8da0c3aa531d6d108ba6
3569,-23.545859410180075,-46.49097687278091,SAO PAULO,SP,58838,ef506c96320abeedfb894c34db06f478
3632,-23.52761504385709,-46.5492905723065,SAO PAULO,SP,61874,271c58a1d139c45eaf3316107c6d3a3b
3641,-23.52992085706044,-46.531825244936215,SAO PAULO,SP,61910,b67d6c666e8dce1d078c882825e12704
3613,-23.52095879039707,-46.53505050743385,SAO PAULO,SP,61919,d57e18d5f73c7ccb7f7339b61166898d
3679,-23.520015094090816,-46.4878577463212,SAO PAULO,SP,61922,5a413ade68e8f8d93071a7f52a64cb9e
3654,-23.525103133365025,-46.51764616148771,SAO PAULO,SP,61985,d3dcf0604eabf0224fbd5948b5e02f69
3673,-23.51611617652486,-46.507327732442754,SAO PAULO,SP,62034,9539213aa8e023c01937bef95dc006da
3731,-23.51298912681696,-46.53826702085017,SAO PAULO,SP,64778,2ea0861cc19e94cad86438c984c52da4
3701,-23.5110454679439,-46.55097082223437,SAO PAULO,SP,64842,56642bcb79900e777d68e91915cb4267
3725,-23.502873520399334,-46.52156060352587,SAO PAULO,SP,64949,503c1de08ae81a2d86f17951b204db55
3702,-23.51633441909516,-46.54665246725141,SAO PAULO,SP,65015,a416b6a846a11724393025641d4edd5e
3821,-23.52394224785041,-46.41349357562471,SAO PAULO,SP,66243,ceaec5548eefc6e23e6607c5435102e7
3880,-23.50850886150384,-46.485872413266776,SAO PAULO,SP,66254,b4ffb71f0cb1b1c3d63fad021ecf93e1
3813,-23.48228440893561,-46.4718655016508,SAO PAULO,SP,66269,2709af9587499e95e803a6498a5a56e9
3809,-23.49157504163538,-46.4776447636621,SAO PAULO,SP,66332,a673821011d0cec28146ea42f5ab767f
3872,-23.51253401672528,-46.501049539944844,SAO PAULO,SP,66374,f214d28e8d8e3ef068748498ccc2f813
3916,-23.590277256448758,-46.506241529834405,SAO PAULO,SP,68228,070d165398b553f3b4b851c216b8a358
3933,-23.58343069747245,-46.50203424424373,SAO PAULO,SP,68275,4c2b230173bb36f9b240f2b8ac11786e
3963,-23.610897922009343,-46.4797914672514,SAO PAULO,SP,68294,508808d438fe2ff972ed13bb8f4a82e2
3929,-23.60401843297361,-46.49105243213689,SAO PAULO,SP,68311,dbb9b48c841a0e39e21f98e1a6b2ec3e
3908,-23.58176952178432,-46.50862503136361,SAO PAULO,SP,68359,17f51e7198701186712e53a39c564617
3910,-23.586352690259087,-46.51575492783772,SAO PAULO,SP,68370,42b729f859728f5079499127a9c2ef37
3971,-23.614129540106177,-46.47816312239599,SAO PAULO,SP,68499,bd23da7354813347129d751591d1a6e2
4041,-23.601395514570957,-46.64593324854289,SAO PAULO,SP,71045,da03c298e3999e9d828591fc2179d109
4001,-23.57105054232788,-46.650781802383314,SAO PAULO,SP,71099,f664f98bfda2eaf266a23ff144e7a872
4007,-23.574733155981303,-46.6506709200761,SAO PAULO,SP,71174,06579cb253ecd5a3a12a9e6eb6bf8f47
4087,-23.612622768798005,-46.66316442881868,SAO PAULO,SP,71227,1430239a858e7682bbc43b20758af153
4130,-23.606056948929552,-46.62092950429918,SAO PAULO,SP,76044,8090490573c6c0aa343a7231ebcb8c86
4186,-23.64950667032509,-46.59728800342218,SAO PAULO,SP,76251,d9bd94811c3338dceb4181f3dbc0c73e
4180,-23.63088864081729,-46.6012966631897,SAO PAULO,SP,76344,bf3c6d2a28b2b5501e6c15448982dcc9
4122,-23.60403426307445,-46.62115696725138,SAO PAULO,SP,76360,e7df4cd29ab5abab70fb0783ddb53987
4102,-23.593477829345726,-46.6300893712196,SAO PAULO,SP,76374,9f505651f4a6abe901a56cdc21508025
4133,-23.61516633486669,-46.61733089197719,SAO PAULO,SP,76726,b2a6d334e2833acea353624840e25a0e
4213,-23.59158358728148,-46.60299545337296,SAO PAULO,SP,81031,76ea5315acb3f5f7ade3cd261faf922a
4256,-23.62833049264241,-46.59257122675859,SAO PAULO,SP,81049,bf0045791395e66460eb04749c68672a
4251,-23.62792273688615,-46.59567407992389,SAO PAULO,SP,81056,b44dbfbf62e52125f3c15d230569ea91
4273,-23.612052666446743,-46.60783466642034,SAO PAULO,SP,81070,f27e33c6d29b5138fa9967bcd445b6d5
4250,-23.622215427145232,-46.59886224271452,SAO PAULO,SP,81224,28f10b1c5e5abb9d4857745bede6147c
4265,-23.5869802640594,-46.61441384480889,SAO PAULO,SP,81233,1da3aeb70d7989d1e6d9b0e887f97c23
4248,-23.610383925040264,-46.59642958219339,SAO PAULO,SP,81268,37be5a7c751166fbc5f8ccba4119e043
4296,-23.621399040105096,-46.60352103657811,SAO PAULO,SP,81389,bca9230d3bbb4efa51872bf605a2f1ad
4270,-23.594875850992004,-46.6129835130446,SAO PAULO,SP,81500,2953ce3a88f5e3c3b696d77fc9e4c8eb
4363,-23.64684593421437,-46.6660547231519,SAO PAULO,SP,84853,ba5daa4041e1f15cdf34b76e3e18a450
4361,-23.64488713277081,-46.661968798329454,SAO PAULO,SP,84911,ca3bd7cd9f149df75950150d010fe4a2
4367,-23.65043461754857,-46.66830299027648,SAO PAULO,SP,84999,850f4f8af5ea87287ac68de36e29107f
4365,-23.674393992186875,-46.64276902169393,SAO PAULO,SP,85152,fe26f3ecb51a15e6d8335cd92da42562
4378,-23.64924156841137,-46.66149025714124,SAO PAULO,SP,85318,6d66611d7c44cc30ce351abc49a68421
4438,-23.676302686046217,-46.66880079992426,SAO PAULO,SP,89526,9674754b5a0cb32b638cec001178f799
4403,-23.669112247850418,-46.65968055008948,SAO PAULO,SP,89538,7ddcbb64b5bc1ef36ca8c151f6ec77df
4445,-23.68534253733621,-46.68592987745976,SAO PAULO,SP,89593,c8417879a15366a17c30af34c798c332
4476,-23.70896136554321,-46.62520651027179,SAO PAULO,SP,89635,e601b04acf48b4576e73ddca9481f0dc
4461,-23.69310169025909,-46.679201077990655,SAO PAULO,SP,89783,0be8ff43f22e456b4e0371b2245e4d01
4571,-23.604961432685155,-46.693814186508185,SAO PAULO,SP,92498,7f2617c58d5d06806987308b45654351
4516,-23.605997902541493,-46.668910957863645,SAO PAULO,SP,92556,538caafddff204241cecbf3a02e6b3cf
4567,-23.613043274222363,-46.689929580356576,SAO PAULO,SP,92816,5b925e1d006e9476d738aa200751b73b
4650,-23.656437649460425,-46.67763039843602,SAO PAULO,SP,97613,74871d19219c7d518d0090283e03c137
4613,-23.62016202331353,-46.663383274078114,SAO PAULO,SP,97629,e84ad2127668df3aafc6b73531a0beb8
4776,-23.677286857060444,-46.70932791257428,SAO PAULO,SP,102220,2156f2671501a81034d7d07f217609d0
4714,-23.634196008886803,-46.69563662836861,SAO PAULO,SP,102268,b1aaae6b66ad3c40f54b389d7ea4bee0
4726,-23.63608005976541,-46.71368647000955,SAO PAULO,SP,102273,bba3293d6f5d5af2f415e004e8b93ae3
4705,-23.620325102140885,-46.69574454051019,SAO PAULO,SP,102288,e546117ed9cafbc40239c0c78635c584
4710,-23.628170813849557,-46.6946584947876,SAO PAULO,SP,102321,1dd33b8119b3cb1056ed5dc88cd0aaf4
4782,-23.6901359553062,-46.70487596655891,SAO PAULO,SP,102342,955fee9216a65b617aa5c0531780ce60
4773,-23.68342376885232,-46.709779139344434,SAO PAULO,SP,102416,318f287a62ab7ac10b703ac37435a231
4761,-23.661881444630374,-46.71764002553522,SAO PAULO,SP,102704,07bf9669d84d1f11be443a9dd938f698
4733,-23.63665699295384,-46.69477973651988,SAO PAULO,SP,102721,2b3e4a2a3ea8e01938cabda2a3e5cc79
4870,-23.747534227617635,-46.7548870630568,SAO PAULO,SP,106438,b83cedfb587e7911540e3f576d6917ce
4880,-23.447393250466884,-46.756208204633545,SAO PAULO,SP,106487,5f5b43b2bffa8656e4bc6efeb13cc649
4850,-23.659407786809464,-46.75699374209451,SAO PAULO,SP,106521,2e1c9f22be269ef4643f826c9e650a52
4809,-23.718206272390407,-46.692554037094816,SAO PAULO,SP,106532,60562ab00b8054280520d390c8c0045c
4811,-23.709758008050084,-46.69095296197129,SAO PAULO,SP,106753,3bdff180c7e1f6551a643b99c265a120
5083,-23.53467869248079,-46.71936980059431,SAO PAULO,SP,113515,98e164d549402270247f3c96a1a158ef
5030,-23.54166052510254,-46.69269266472386,SAO PAULO,SP,113678,4ebdc7e6cd6102a022dadc49156d4ea8
5126,-23.505547672773957,-46.7429529292227,SAO PAULO,SP,118475,5f1dc28029d2c244352a68107ec2b542
5181,-23.45282439494491,-46.74296179239998,SAO PAULO,SP,118496,834f8533b2ecb6598dd004ff3de7203a
5101,-23.505928816810037,-46.72415478475394,SAO PAULO,SP,118533,1d4587203296c8f4ad134dc286fa6db0
5108,-23.50903894976627,-46.75539562254021,SAO PAULO,SP,118574,c3ee2331a724e6fc02c4b698b57a73f3
5125,-23.50674560560335,-46.74142106924808,SAO PAULO,SP,118704,5f2684dab12e59f83bef73ae57724e45
5104,-23.51229450874257,-46.75511145767212,SAO PAULO,SP,118987,0570350b23eda5444f8d1d9544932058
5201,-23.40698941687346,-46.74279153136359,SAO PAULO,SP,121880,7c5b05cbdb5542049f38d90d7815b97d
5269,-23.43468889148246,-46.78739685192456,SAO PAULO,SP,121952,999f6d9a1c7c81f43be44c6b7d076210
5303,-23.52629557562472,-46.7318788226384,SAO PAULO,SP,123026,ea566164622c6b439516ab18062c42cd
5373,-23.5839881312828,-46.7600579372728,SAO PAULO,SP,124443,e96498ed8daaa3e9c23f7a62da76591c
5417,-23.563094008050083,-46.689287097005,SAO PAULO,SP,127087,f35b3c613c4f7b2275f4185d0a3c59ec
5455,-23.53689213711117,-46.71311138051819,SAO PAULO,SP,127214,dc8798cbf453b7e0f98745e396cc5616
5462,-23.55655694261692,-46.70611501594888,SAO PAULO,SP,127327,9ed65337433adfbedefd23dd76eaa494
5528,-23.59476336303305,-46.75579359256159,SAO PAULO,SP,131838,d9e8c084b68fe958861d8f2c21202e6b
5588,-23.57370846517395,-46.737071816406,SAO PAULO,SP,131843,dbd66278cbfe1aa1000f90a217ca4695
5594,-23.58345711073924,-46.73857008035658,SAO PAULO,SP,131904,8fff28c4263ddec387f28d237fb42773
5530,-23.577073040798663,-46.7199426382077,SAO PAULO,SP,131934,de23c3b98a88888289c6f5cc1209054a
5537,-23.587300467107177,-46.73678473951188,SAO PAULO,SP,131976,96493fab2fbb13a14d0c0e8772eef5c3
5503,-23.569583732175893,-46.713404811854645,SAO PAULO,SP,132132,25e6ffe976bd75618accfe16cefcbd0d
5639,-23.60836798972821,-46.74256897238731,SAO PAULO,SP,135549,6e864f5c4669eff3d98140a07cc50202
5634,-23.608349214265107,-46.73536441534424,SAO PAULO,SP,135556,f918546be4bec7104d117789ba758b2b
5676,-23.60138402109182,-46.69773755190717,SAO PAULO,SP,135596,0249d282d911d23cb8b869ab49c99f53
5615,-23.590248864071462,-46.715306041257165,SAO PAULO,SP,135620,446cc09cdbb130904da114e807dbec40
5632,-23.5974473389742,-46.73788482965112,SAO PAULO,SP,135674,0d33a55da925bbf1ff02af5f6059fc7f
5734,-23.62772076127509,-46.74677188164389,SAO PAULO,SP,138610,903037660cf848a717166eb7a06d616e
5767,-23.62937952289093,-46.759941948343815,SAO PAULO,SP,138623,e62b2d6ac10570a035a30bafcf01d263
5729,-23.63670719816495,-46.73809456287144,SAO PAULO,SP,138845,aba1721a889e04decc910aa13b768ef4
5849,-23.65022798473656,-46.75498649486411,SAO PAULO,SP,143711,6560211a19b47992c3666cc44a7e94c0
5879,-23.68843951337032,-46.79532823789181,SAO PAULO,SP,143788,2d2322d842118867781fc737e96d59a1
6036,-23.55957485068379,-46.775822017773606,OSASCO,SP,148134,08061dc0fc165ed41288cc7acde738ee
6097,-23.530577606151606,-46.78009111503842,OSASCO,SP,148142,080199a181c46c657dc5aa235411be3b
6018,-23.53981069095096,-46.77500420956456,OSASCO,SP,148143,7813ea3ebd9411dc600b4dd01f7a97b9
6040,-23.566115912574286,-46.781405266172285,OSASCO,SP,148168,36890be00bbfc1cdb9a4a38a6af05a69
6060,-23.554908200245507,-46.78246225838706,OSASCO,SP,148180,2528513dd95219a6013d4d05176e391a
6056,-23.565338857858546,-46.78767658849876,OSASCO,SP,148211,55f7a3319d80f7fdf078b8f03e6725fe
6144,-23.5670755700848,-46.80326597766743,OSASCO,SP,150670,d71d863e5ef30d94e440c11be17dcd8f
6162,-23.551899819608657,-46.81286750028846,OSASCO,SP,150697,6039e27294dc75811c0d8a39069f52c0
6154,-23.55743641326677,-46.80523300331822,OSASCO,SP,150731,7b7f91e98f8c6def45a1407923304402
6132,-23.56053319790515,-46.798608955450426,OSASCO,SP,150733,3a734b715d333a2588a3d54a0c9b8746
6236,-23.514044531507835,-46.79193591727748,OSASCO,SP,153344,093805f8f2aeb63881444571e1f48f30
6332,-23.550097147645054,-46.82778212823778,CARAPICUIBA,SP,155803,3903c788ded8dc03b5ebab37a2f3e9a1
6365,-23.552308715165168,-46.846056379309466,CARAPICUIBA,SP,155812,f680f85bee2d253556ac91be391d2c82
6317,-23.52367223473676,-46.84673273556852,CARAPICUIBA,SP,155827,f181738b150df1f37cb0bd72e705b193
6341,-23.57547088782132,-46.81931299612122,CARAPICUIBA,SP,155858,4c498c7345e89aebad651544829beca0
6380,-23.538309093715583,-46.83877820197602,CARAPICUIBA,SP,155906,270d3ef21830ad0ecf3a6c53d08a533a
6455,-23.49902057735825,-46.85014396451541,BARUERI,SP,159442,a36ac007a4d18f865c8d32c3b2402c2d
6453,-23.496191483105704,-46.84947696575665,BARUERI,SP,159452,525e75a6fb1454a2325ab1734bcec221
6420,-23.510332464925117,-46.89563158451944,BARUERI,SP,159471,2c3d56f92f360fb89d849b84e8f50eae
6440,-23.512200531047647,-46.86224382521073,BARUERI,SP,159486,8f119a0aee85c0c8fc534629734e94fd
6429,-23.4945751406988,-46.95875424775154,BARUERI,SP,159582,7e93a43ef30c4f03f38b393420bc753a
6501,-23.44429906855559,-46.91663669969415,SANTANA DE PARNAIBA,SP,164440,c522be04e020c1e7b79f3acff36513d5
6506,-23.41982398304116,-46.95916446005272,SANTANA DE PARNAIBA,SP,164774,1ca7077d890b907f89be8c954a02686a
6696,-23.52494286743845,-46.94084234599607,ITAPEVI,SP,167071,e883aa812c37a7413226856f4579fe91
6763,-23.612293487650746,-46.76223683305443,TABOAO DA SERRA,SP,169369,0951a6e282947e09cd47969f4ed0b47f
6730,-23.60729089023855,-47.00997741463763,VARGEM GRANDE PAULISTA,SP,169397,de0c78824586e9a5f5f04fd84e25df39
6716,-23.61424884485541,-46.89512861212423,COTIA,SP,169431,25cf099de44674fde97473224f9d59ab
6713,-23.604892208436723,-46.8557982238444,COTIA,SP,169445,d650b663c3b5f6fb392b6326366efa9a
6715,-23.60159279156328,-46.87571741395925,COTIA,SP,169513,5c853bb56f70f4d14218944bae111d7a
6790,-23.61030541993188,-46.78378189508913,TABOAO DA SERRA,SP,169709,325f3178fb58e2a9778334621eecdbf9
6871,-23.719915707744235,-46.8514216054591,ITAPECERICA DA SERRA,SP,174418,c9c7905cffc4ef9ff9f113554423e671
6853,-23.690744215282084,-46.8509910886968,ITAPECERICA DA SERRA,SP,174469,3f995f07c49d0d55a99d5c54957f7d81
6900,-23.839597028487333,-46.819291198635824,EMBU GUACU,SP,177382,eb5b6204dde3a6e03b5f1bb8479f055b
7097,-23.446155769049607,-46.5369307133114,GUARULHOS,SP,178043,beadbee30901a7f61d031b6b686095ad
7091,-23.46294308742572,-46.54099483596861,GUARULHOS,SP,178049,ffc470761de7d0232558ba5e786e57b7
7032,-23.506658717179292,-46.554554954757926,GUARULHOS,SP,178077,fcb5ace8bcc92f75707dc0f01a27d269
7070,-23.45081528864908,-46.55435884041202,GUARULHOS,SP,178078,00720abe85ba0859807595bbf045a33b
7077,-23.435684748542897,-46.552780058283815,GUARULHOS,SP,178094,72c5da29406b4234927b81855e7b64f6
7074,-23.450829276155595,-46.56602543366611,GUARULHOS,SP,178107,7681ef142fd2c19048da7430856b5588
7031,-23.49189491395926,-46.54629394463038,GUARULHOS,SP,178136,0dd184061fb0eaa7ca37932c68ab91c5
7094,-23.452814085204004,-46.54240298987244,GUARULHOS,SP,178184,688756f717c462a206ad854c5027a64a
7133,-23.432493991949915,-46.5096378090484,GUARULHOS,SP,182401,c826c40d7b19f62a09e2d7c5e7295ee2
7174,-23.42614142714524,-46.41088301457094,GUARULHOS,SP,182409,c60b801f2d52c7f7f91de00870882a75
7140,-23.421413095475785,-46.49321015306711,GUARULHOS,SP,182426,ba90964cff9b9e0e6f32b23b82465f7b
7152,-23.402810598389976,-46.47511618220901,GUARULHOS,SP,182431,6b90f847357d8981edd79a1eb1bf0acb
7124,-23.425771327226048,-46.5404166515379,GUARULHOS,SP,182443,76623fde66e6b63b59440fd34160512d
7160,-23.411332079375637,-46.44969335123205,GUARULHOS,SP,182470,e63e8bfa530fb16910dd6956e592bb81
7123,-23.445671752149583,-46.52567823980033,GUARULHOS,SP,182519,7fc87cc3e89b3d1d5cabdca32f8485aa
7145,-23.40768948903572,-46.49730311518263,GUARULHOS,SP,182560,e1b12447a7563944843191754aeb5562
7135,-23.422919605603347,-46.52110098542906,GUARULHOS,SP,182561,6edacfd9f9074789dad6d62ba7950b9c
7112,-23.4691332850424,-46.51821603497029,GUARULHOS,SP,182593,8581055ce74af1daba164fdbd55a40de
7180,-23.45361780904841,-46.47982091909515,GUARULHOS,SP,182605,bce6a5ecf98e99fd2a8868b15c51f04b
7183,-23.444980177073123,-46.4567312828207,GUARULHOS,SP,182714,7ff588a03c2aeae4fbd23f9ae64b760d
7194,-23.44095150874257,-46.50713991618096,GUARULHOS,SP,182778,f46490624488d3ff7ce78613913a7711
7400,-23.400028215101838,-46.32261289508914,ARUJA,SP,189367,ac6417315ae5da8f9a38ee11de6f7780
7600,-23.319351000000005,-46.58600924999999,MAIRIPORA,SP,190442,93b9a99027bd8bd6af682aff18dd19bf
7790,-23.406516084950905,-46.84254171963375,CAJAMAR,SP,191111,c003204e1ab016dfa150abc119207b24
7791,-23.41063431137932,-46.86702791842946,CAJAMAR,SP,191191,bc39d8938f90a3a2b98193723ed59774
7866,-23.29705106233248,-46.70952691085376,FRANCO DA ROCHA,SP,192653,70bf57d811208f8923b41bbd499a67a4
8011,-23.494074443793657,-46.44765937177561,SAO PAULO,SP,194467,c9aafcd0621b2207c10e32c649cada4d
8030,-23.50255950513589,-46.423264457816366,SAO PAULO,SP,194470,835f0f7810c76831d6c7d24c7a646d4d
8041,-23.51554332001268,-46.43490280350849,SAO PAULO,SP,194481,3d621842b2ed28e2b474132480edac3c
8072,-23.48606328404933,-46.461683147719775,SAO PAULO,SP,194538,d101c6da914ae3d53f7bee42283f2fe2
8020,-23.50747311740434,-46.44006697085808,SAO PAULO,SP,194625,4e326052e5dbba8adcd512f3450a307e
8140,-23.51361851457095,-46.39657486372553,SAO PAULO,SP,197230,ff69aa92bb6b1bf9b8b7a51c2ed9cf8b
8180,-23.485374632312595,-46.413583822503206,SAO PAULO,SP,197271,6fd52c528dcb38be2eea044946b811f8
8215,-23.536581925616023,-46.44629701901436,SAO PAULO,SP,199289,9b00ed88b7fdb95d6ff76e27c1b52d16
8260,-23.57090931531151,-46.4279956630623,SAO PAULO,SP,199298,ed4acab38528488b65a9a9c603ff024a
8270,-23.561429793236705,-46.45562471787179,SAO PAULO,SP,199326,97512d3fc193b2d1dfcdba0f9d1f0f8a
8250,-23.540586956979624,-46.43782555176293,SAO PAULO,SP,199355,2138ccb85b11a4ec1e37afbd1c8eda1f
8430,-23.525946628916863,-46.42341832737028,SAO PAULO,SP,204568,26785a546900236d66f2e4197c211158
8411,-23.553961637514817,-46.41023240569445,SAO PAULO,SP,204588,8daab2245ebdc277c51098d01c5ad8ef
8452,-23.53645882786305,-46.39653679134199,SAO PAULO,SP,204595,2305ab43e846518f58dd9d59f3f54e96
8490,-23.56669406233836,-46.40714055584447,SAO PAULO,SP,204608,6650fcccd8cd2f7e55ffa524f30c4c59
8410,-23.551995300305848,-46.42087117055226,SAO PAULO,SP,204634,8931a84a914b3fe9b1ddaa4d704947ca
8577,-23.48988814879191,-46.37265745864769,ITAQUAQUECETUBA,SP,207075,7c67e1448b00f6e969d365cea6b010ab
8599,-23.464099466045315,-46.34614183316725,ITAQUAQUECETUBA,SP,207079,f4db9b37944bcb8873e6b456ee190bbf
8598,-23.46545843451189,-46.33116202207354,ITAQUAQUECETUBA,SP,207083,c8b0e2b0a7095e5d8219575d5e7e1181
8573,-23.49349234396164,-46.345641335399336,ITAQUAQUECETUBA,SP,207090,f22a247b79dd22ecd91dc8e3b2a1b07c
8583,-23.43573306531066,-46.3805613642141,ITAQUAQUECETUBA,SP,207166,5058e8c1e82653974541e83690655b4a
8550,-23.52318097260825,-46.34180921314962,POA,SP,207373,259f7b5e6e482c230e5bfaa670b6bb8f
8541,-23.52145430890418,-46.37456588259565,FERRAZ DE VASCONCELOS,SP,207539,0885aaf116795758dfeb5f1032487bcd
8517,-23.56892589286744,-46.372428309048416,FERRAZ DE VASCONCELOS,SP,210778,e88165a185134e13fdfc85d4fa654db8
8615,-23.54655214952238,-46.293749082625176,SUZANO,SP,211045,87b740daf17b5d1be335a64164ec6842
8673,-23.54646763188849,-46.31743880609893,SUZANO,SP,211062,4e17c65a516f69d023a2ae78b84f28d6
8780,-23.514760328667517,-46.16716400038975,MOGI DAS CRUZES,SP,213294,70ee69419916dc13e3aed619061f996c
8743,-23.552345179294814,-46.22495165306711,MOGI DAS CRUZES,SP,213329,da3fede3469bf49b7293ce3fc45b294d
8820,-23.510232645739634,-46.142929621432245,MOGI DAS CRUZES,SP,216735,7d456afc660226829370f3173d14520c
9010,-23.65686051757304,-46.52435858531403,SANTO ANDRE,SP,217615,f4a04f7be452aa3bb31760bf00055dd0
9090,-23.654015957434783,-46.53875018356984,SANTO ANDRE,SP,217617,42ef3192a9ff87a22d1867b74b3ee205
9080,-23.642428166497456,-46.54393316954348,SANTO ANDRE,SP,217620,f12d3c2a14729ae461b920c11fe20fdc
9015,-23.65791224508045,-46.52088020260834,SANTO ANDRE,SP,217626,cc419e0650a3c5ba77189a1882b7556a
9020,-23.66291470552254,-46.52886560713256,SANTO ANDRE,SP,217631,058fd0aa2bfdb2274e05e1ae971dabb6
9171,-23.701192742166267,-46.50855382682201,SANTO ANDRE,SP,220314,ff063b022a9a0aab91bad2c9088760b7
9190,-23.67262685844541,-46.54075456953655,SANTO ANDRE,SP,220315,d4910f1cdcfdabd48d6b316e395d4a23
9180,-23.69027969840508,-46.521871781631134,SANTO ANDRE,SP,220327,656591be56071d4c9ef4e5fee78a578a
9131,-23.6983854657222,-46.49808165168212,SANTO ANDRE,SP,220342,14d7985702e72162bbf13b6beb74ab2b
9121,-23.67437656757463,-46.50767859048414,SANTO ANDRE,SP,220347,02ecc2a19303f05e59ce133fd923fff7
9175,-23.67905158979164,-46.51507914100631,SANTO ANDRE,SP,220371,2a61c271b1ac763450d846849783e922
9163,-23.7622680628159,-46.46728047262276,SANTO ANDRE,SP,220756,bc47d5d1490df2b36add65d733eafaba
9271,-23.641543550926208,-46.50119026048813,SANTO ANDRE,SP,223152,aae3bfea055532c57fb453ed3ec80b30
9270,-23.64034739938832,-46.48975946961733,SANTO ANDRE,SP,223158,5343d0649eca2a983820bfe93fc4d17e
9291,-23.645872245408707,-46.51351310874625,SANTO ANDRE,SP,223165,e7d5b006eb624f13074497221eb37807
9380,-23.65692290399253,-46.46880922279357,MAUA,SP,225662,fc0b214b59a83615fea981c6424a02ae
9360,-23.68102340168479,-46.456523073672,MAUA,SP,225670,f0b47fbbc6dee9aafe415a6e33051b3f
9321,-23.651622643855347,-46.43179991339321,MAUA,SP,225697,adbe70ab2c97442046d393988c8d1d27
9320,-23.666369742426067,-46.4423234619713,MAUA,SP,225746,0432ead42b6c8a0bdf68154add917fdf
9400,-23.710338006163447,-46.41012723975236,RIBEIRAO PIRES,SP,228811,411f3b52d857390502ee4e4d5ceabc2d
9405,-23.70213312099057,-46.40248103792815,RIBEIRAO PIRES,SP,228844,751bdc4d83a466c7206cd42e8f426b03
9434,-23.65979013896073,-46.369296033653946,RIBEIRAO PIRES,SP,228929,43402bdf22aa2310e8f99e2f94f78628
9416,-23.73610169431168,-46.44166577625721,RIBEIRAO PIRES,SP,229040,08633c14ef2db992c11f840f04fad4cd
9443,-23.68152131002377,-46.35001180763909,RIBEIRAO PIRES,SP,229078,039b29ff3b3473435d0cd59040575de9
9560,-23.62983908742571,-46.55387481043338,SAO CAETANO DO SUL,SP,230181,d97df38225e5abadaff1e72cb72b823c
9540,-23.62995141167535,-46.56349130212278,SAO CAETANO DO SUL,SP,230186,8a8835a43bda99fd37310ad76c457510
9541,-23.62001447100232,-46.56389282653356,SAO CAETANO DO SUL,SP,230196,6b15924333bd1a741595fe981ea04822
9570,-23.62696617230051,-46.56149274988265,SAO CAETANO DO SUL,SP,230214,365e4bce19bda0082c3d15d83fdb8bcd
9628,-23.66148702746846,-46.56416174311855,SAO BERNARDO DO CAMPO,SP,233376,f7ba60f8c3f99e7ee4042fdef03b70c4
9715,-23.719060962230994,-46.54459211961032,SAO BERNARDO DO CAMPO,SP,234940,7722b1df1b0e383e000397b2c11e3e19
9750,-23.6855765211902,-46.550598331462254,SAO BERNARDO DO CAMPO,SP,234946,f419677537694f0462a91990df6ca44f
9780,-23.71751397310845,-46.53807028971694,SAO BERNARDO DO CAMPO,SP,234949,8d956fec2e4337affcb520f56fd8cbfd
9725,-23.701611332739063,-46.55577580848757,SAO BERNARDO DO CAMPO,SP,234959,09f952a5f58d2285b0372551ae8f9b01
9720,-23.71822274916581,-46.55358758458623,SAO BERNARDO DO CAMPO,SP,234968,5160d23075764e18e07c1f4a87fad743
9751,-23.693233703041034,-46.545718718996966,SAO BERNARDO DO CAMPO,SP,234973,b8555308bfdb4ca1ed54325a58da9a97
9862,-23.702834396241094,-46.58137761596068,SAO BERNARDO DO CAMPO,SP,238700,513a54369b6a8a6602fcb0e129c6d78d
9831,-23.79496318419343,-46.54706694123014,SAO BERNARDO DO CAMPO,SP,238703,3cfa1358a6caa965278721344c8d76f2
9812,-23.72631044214889,-46.56808249417162,SAO BERNARDO DO CAMPO,SP,238716,ca7c6bd577e559472af1c699de9e764e
9850,-23.723144421478043,-46.58004683701467,SAO BERNARDO DO CAMPO,SP,238719,116ccb1a1604bc88e4d234a8c23f33de
9961,-23.70793389898428,-46.59645187287214,DIADEMA,SP,242760,eb1bf309f4f6af9a97e9ddac3fdbeabe
9912,-23.69310537555519,-46.62071809544712,DIADEMA,SP,242784,77a515caa36327151d1cc6c32a9f00e1
9951,-23.685732346427592,-46.58719463596568,DIADEMA,SP,242786,b18dc380845b24038cfc48006478f099
9921,-23.675617613105164,-46.610289445871125,DIADEMA,SP,242854,e5475dcab1e07b63d7f6e902d8f5eda8
11045,-23.964708845951943,-46.32197575506376,SANTOS,SP,245746,e067ad2c1c0b48758eb1b5228bcf7a68
11015,-23.948228210658428,-46.32361307992388,SANTOS,SP,245761,ed8cb7b190ceb6067227478e48cf8dde
11040,-23.97528894699631,-46.313091126550944,SANTOS,SP,245797,6ec1a01e866584bb679eb9b098345919
11075,-23.94768667110052,-46.34254642853024,SANTOS,SP,245805,08f5819815f3d06545011850bd70f0a8
11085,-23.932333356392597,-46.34912170989251,SANTOS,SP,245863,ea00f977a203ff88adf7057cb7806998
11010,-23.932592967539872,-46.33563505121467,SANTOS,SP,246072,36a968b544695394e4e9d7572688598f
11250,-23.82503510103216,-46.141261915312384,BERTIOGA,SP,250734,582d4f8675b945722eda7c0cb61ba4c7
11431,-23.9914930022217,-46.286132725921874,GUARUJA,SP,253272,cee48807215b30a12ca2ca10ffb5f250
11442,-23.971868671509597,-46.2107106958208,GUARUJA,SP,253327,7d948535954aaf8c5d39db007f74372e
11446,-23.948792582123435,-46.17360921048689,GUARUJA,SP,253450,41e0fa5761c886a630994a55c12087e7
11680,-23.45042688142636,-45.07674519860722,UBATUBA,SP,256710,e7f3bf1ecd8526eb7f3b18059e6716e5
11600,-23.724748481060058,-45.43006700680406,SAO SEBASTIAO,SP,256728,db2956745b3a8e9f3785c99f34b5d25e
11701,-24.00774226672053,-46.42534066556061,PRAIA GRANDE,SP,260128,e9779976487b77c6d4ac45f75ec7afe9
11704,-24.03077309908247,-46.48748488550985,PRAIA GRANDE,SP,260142,d91fb3b7d041e83b64a00a3edfb37e4f
11709,-24.075262299469124,-46.5786330246985,PRAIA GRANDE,SP,260264,12c2ed9cded6138cf0c75f525f565fc7
11720,-24.007887845234983,-46.458790697924734,PRAIA GRANDE,SP,260358,25e47381a6c510ddeb36084e33b89f0c
11900,-24.522617510299327,-47.84780154192998,REGISTRO,SP,265034,c66dccfb3f109511246da627dd5a2498
12080,-23.018484737115735,-45.54992786161637,TAUBATE,SP,266548,49383af7ab774e4e8f3000f49c83dc4b
12246,-23.223343368313174,-45.90949163641868,SAO JOSE DOS CAMPOS,SP,269639,5b8154610ebb21fb90eb587365e673df
12243,-23.20853446073054,-45.90036526464305,SAO JOSE DOS CAMPOS,SP,269644,8b28d096634035667e8263d57ba3368c
12215,-23.17992101915858,-45.8738259410237,SAO JOSE DOS CAMPOS,SP,269673,c1552b1dab6e6f760950368ae61fb600
12230,-23.2207344276935,-45.88639015652954,SAO JOSE DOS CAMPOS,SP,269716,9c0e69c7bf2619675bbadf47b43f655a
12233,-23.259922949261775,-45.88708191609124,SAO JOSE DOS CAMPOS,SP,269758,8e6d7754bc7e0f22c96d255ebda59eba
12226,-23.2088311470945,-45.80961028129148,SAO JOSE DOS CAMPOS,SP,269768,5741dc2bf5044c34d0698681c5081bed
12250,-22.95701704961859,-45.84422534546004,MONTEIRO LOBATO,SP,270793,5a93f3ab0ef4c84ed5e1b5dbf23978bc
12328,-23.28996289924409,-45.96541122398862,JACAREI,SP,274627,bacb1f0ed56ad24198f5810d2b3fe9a5
12327,-23.30432178573488,-45.97717112378096,JACAREI,SP,274635,4e922959ae960d389249c378d1c939f5
12308,-23.30441669969416,-45.965922951843744,JACAREI,SP,274649,caa9bc43a9fe8cf9c564ddd8a03cc4a6
12570,-22.865299155981305,-45.25583170038664,APARECIDA,SP,278296,113e3a788b935f48aad63e1c41dac1bd
12512,-22.781312483600527,-45.15359413318236,GUARATINGUETA,SP,278384,d4f91e8be86b38da2ee35bc489645a9d
12913,-22.95750491772243,-46.52488623678449,BRAGANCA PAULISTA,SP,281897,e24fc9fcd865784fb25705606fe3dfe7
12943,-23.128521454065435,-46.56822281695427,ATIBAIA,SP,281969,d4ffeb15b67e81ff9af2b4252d99fb7e
12952,-23.047477671213503,-46.67479547760594,ATIBAIA,SP,282173,5d0363b33554b373851fc1622e4d5f3c
12924,-22.86349714144556,-46.53067733881425,BRAGANCA PAULISTA,SP,282487,7b0df942f46435babab05d49b744b2c4
13070,-22.884723941354903,-47.076555310574605,CAMPINAS,SP,285392,73b8eb4a9a729d4019b24ed1be748cbf
13087,-22.854677050233725,-47.051945774770616,CAMPINAS,SP,285410,1127b7f2594683f2510f1c2c834a486b
13088,-22.85612437177531,-47.036889557662974,CAMPINAS,SP,285433,718539d38d07dd351c76db862760e2e2
13060,-22.942457434358605,-47.11496902345776,CAMPINAS,SP,285438,8e2b3afb420011ef0c88c9d5f11ea526
13056,-22.96419396152267,-47.14653387608918,CAMPINAS,SP,285472,8d46553a36e68f95350a200c12f8f2e2
13076,-22.883333418766387,-47.04940666614242,CAMPINAS,SP,285614,5a8e7d5003a1f221f9e1d6e411de7c23
13043,-22.928951250080623,-47.044806425163806,CAMPINAS,SP,285696,6061155addc1e54b4cfb51c1c2a32ad8
13086,-22.78299339467923,-47.05502542799358,CAMPINAS,SP,285753,7c462184585ae80bd6e5774c62ce50f2
13186,-22.89042197115665,-47.19699372009866,HORTOLANDIA,SP,290380,c70c1b0d8ca86052f45a432a38b73958
13170,-22.82462154470405,-47.264055877674345,SUMARE,SP,290398,fa1c13f2614d7b5c4749cbc52fecda94
13105,-22.887476232949947,-46.97635996136356,CAMPINAS,SP,290403,b0b346d3a89f5eb4c2968af3f083cd43
13150,-22.63337101254621,-47.2021552837022,COSMOPOLIS,SP,290418,04aa0a1c5ce6b222003403a3e11c3cc0
13165,-22.48917823507226,-47.214960124766726,ENGENHEIRO COELHO,SP,290648,e3a386fc36e22064434e1fa256f6a9fa
13101,-22.925809895925862,-47.02151521302435,CAMPINAS,SP,290692,2eb70248d66e0e3ef83659f71b244378
13253,-22.99753684965908,-46.81935353504303,ITATIBA,SP,295380,ec8879960bd2221d5c32f8e12f7da711
13203,-23.224423232038703,-46.86106459686077,JUNDIAI,SP,295409,5acd070dd3fe441bbb2ec1f1ede515ee
13290,-23.080145200450907,-46.95778578779591,LOUVEIRA,SP,295420,0adac9fbd9a2b63cccaac4f8756c1ca8
13206,-23.20743441062393,-46.881160114072365,JUNDIAI,SP,295430,813348c996469b40f2e028d5429d3495
13232,-23.21438523122222,-46.76501501718525,CAMPO LIMPO PAULISTA,SP,295469,4c03b9dd4c11ee2cb35c96c49efc9420
13257,-22.99763368111134,-46.8500660517461,ITATIBA,SP,295509,855668e0971d4dfd7bef1b6a4133b41b
13273,-22.95087452442544,-46.9770215704982,VALINHOS,SP,295531,918f6fbcf3ab724d805867303e593a1b
13240,-23.0862173146037,-46.70641034570607,JARINU,SP,295538,a61cc04793308395a840807104365121
13215,-23.18054021622701,-46.87767895836462,JUNDIAI,SP,295593,d32e3909cfb714fb2a6cb092c85b9c5f
13224,-23.215001079922637,-46.834309249391566,VARZEA PAULISTA,SP,295725,18e694e0e48ed6f7aa3f24aade5fd697
13251,-22.98894355975728,-46.840305053528695,ITATIBA,SP,295734,1e8c6a4c538f286aee9573239740a4b4
13205,-23.248808989179956,-46.850808908679134,JUNDIAI,SP,295758,0a85ebe4e328db81ac9109781205e2f7
13250,-23.00839044680569,-46.8338760655332,ITATIBA,SP,295841,70eea00b476a314817cefde4aad4f89a
13360,-22.990772945034408,-47.51164009533157,CAPIVARI,SP,300403,6860153b69cc696d5dcfe1cdaaafcf62
13324,-23.206255019158583,-47.30927660866177,SALTO,SP,300423,f8db351d8c4c4c22c6835c19a46f01b0
13327,-23.18187693228112,-47.32153827047144,SALTO,SP,300435,d6b1ce66b035a475f00c017792ff9769
13320,-23.200740902014047,-47.30062526796129,SALTO,SP,300450,2ff97219cb8622eaf3cd89b7d9c09824
13311,-23.2611277374344,-47.315200729817015,ITU,SP,300474,762fafdaa57a532ee0119731697579dd
13322,-23.19533847071386,-47.27638738758732,SALTO,SP,300581,3492e68f37fd1df87f4f2f2ea247f445
13321,-23.197672917017687,-47.28917041020834,SALTO,SP,300613,213b25e6f54661939f11710a6fddb871
13380,-22.77679374905404,-47.29345090449989,NOVA ODESSA,SP,300775,cd3d09fbe6e3e9ff0c0ac0c300e93ae7
13312,-23.258631834035377,-47.35535612738765,ITU,SP,300780,20a8b0dc55da94fe74d112082427c84f
13328,-23.184582414451015,-47.328649797768485,SALTO,SP,300876,900ba814c251a692506d7834c1218441
13375,-22.928107942529245,-47.563380136162834,MOMBUCA,SP,301023,d93919c944be9cff128f6c9cb899eacb
13482,-22.59439971135092,-47.42806067277397,LIMEIRA,SP,305379,1c40343cc5d18c2d8248ac2f3366de34
13481,-22.59801656219816,-47.39727160848652,LIMEIRA,SP,305405,95ec4458365c4d11f452ccf538377619
13419,-22.725099386635037,-47.6450350453863,PIRACICABA,SP,305415,f45122a9ab94eb4f3f8953578bc0c560
13405,-22.710936940042743,-47.66300763087877,PIRACICABA,SP,305418,b6e1504972665f739dec4facb9943775
13484,-22.557467011656755,-47.412519516792656,LIMEIRA,SP,305434,4b9750c8ad28220fe6702d4ecb7c898f
13465,-22.743316613653423,-47.33251005107044,AMERICANA,SP,305438,ffad1e7127fb622cb64a900751590acd
13424,-22.74193724375932,-47.64578206927892,PIRACICABA,SP,305510,4736e9d642ef4257cd7622516931eb51
13483,-22.55660583014023,-47.4426026873449,LIMEIRA,SP,305522,e5a3438891c0bfdb9394643f95273d8e
13487,-22.58680824785041,-47.37859270191586,LIMEIRA,SP,305674,7238a95bb63ef7e498389fb863b834a1
13500,-22.41491433417961,-47.563594271712205,RIO CLARO,SP,310387,730937bf88cb151eb2eb849f642fc213
13561,-22.0185690600633,-47.91953905094104,SAO CARLOS,SP,310420,4be6b962d83299498bae2190f95d6566
13506,-22.386432677217343,-47.54948279626647,RIO CLARO,SP,310425,7f40d06aa0b5f1aa4f41af8c0480e2ef
13503,-22.402557666716326,-47.57528148492521,RIO CLARO,SP,310435,101a3a003516bc11253298b2fad3cb65
13568,-22.002213456575603,-47.855502,SAO CARLOS,SP,310444,c013e57c075a06e5b5c48ee03c525719
13566,-21.998797113797657,-47.87527962031853,SAO CARLOS,SP,310479,2089a6d640999f9b9141ac719b2af596
13501,-22.430707518907298,-47.560135027121405,RIO CLARO,SP,310488,980640c45d7a4635885491d077167e4d
13601,-22.37664188737881,-47.39007279446375,ARARAS,SP,315039,31da954dc0855f2495c6310f70a2f931
13603,-22.34421022311127,-47.40195923803249,ARARAS,SP,315074,45213867cefbf2cd4c6177e10216a951
13730,-21.469388566108755,-47.00631342212011,MOCOCA,SP,318249,d3f39f05462b79a4562d35893a28f159
13848,-22.331248866205637,-46.9225796260173,MOGI GUACU,SP,319695,e1bed63d68ac36fe1f3061befe196af5
13843,-22.3970091627978,-46.94545202732525,MOGI GUACU,SP,319700,17a053fcb14bd219540cbde0df490be0
13844,-22.38049984151139,-46.952964518892415,MOGI GUACU,SP,319732,d1b65fc7debc3361ea86b5f14c68d2e2
13960,-22.61079999327709,-46.53045940853702,SOCORRO,SP,323859,a5a1bfcf728ab0e19182959cf0771ee4
13905,-22.71434046772686,-46.79830863682631,AMPARO,SP,323878,83a75eea11694e36e56dd0cb2240229a
13930,-22.62234374770618,-46.71223521648682,SERRA NEGRA,SP,323888,bfd27a966d91cfaafdb25d076585f0da
13908,-22.720222540106175,-46.83840335691621,AMPARO,SP,324002,fffd5413c0700ac820c7069d66d98c89
13912,-22.68679129986047,-46.98706923913844,JAGUARIUNA,SP,324359,994f04b3718c2bab35c2adfa8afecd2a
14095,-21.19214998612154,-47.77221533971953,RIBEIRAO PRETO,SP,326771,094ced053e257ae8cae57205592d6712
14076,-21.15039010130417,-47.78377689286745,RIBEIRAO PRETO,SP,326779,0d4c8269e7f0401201794deef160edd6
14020,-21.2087768104334,-47.80689386955393,RIBEIRAO PRETO,SP,326785,ebef8d8c92b4fd3226e5d407bbff21ac
14050,-21.17070226113826,-47.81391542675223,RIBEIRAO PRETO,SP,326788,7d13fca15225358621be4086e1eb0964
14070,-21.10515772013821,-47.78577319246487,RIBEIRAO PRETO,SP,326862,218d46b86c1881d022bce9c68a7d4b15
14093,-21.184375750285792,-47.75021958014628,RIBEIRAO PRETO,SP,326901,b3e2faf2c1004d674f16a3aa3197f0e1
14092,-21.18214355813957,-47.76111347362804,RIBEIRAO PRETO,SP,326911,4e5725ba188db8252977a4f0227bd462
14270,-21.485083260555697,-47.36404641407948,SANTA ROSA DE VITERBO,SP,333324,acadd4d36859671cb635527c6c977533
14312,-20.916468353698388,-47.574216767527176,BATATAIS,SP,334039,6a0cbc8af2e8abd1bdfb777943d174c6
14315,-20.90094932674236,-47.58906832178506,BATATAIS,SP,334090,10076e5788b8ee532724bcd460baf762
14400,-20.5317070897318,-47.40043846268641,FRANCA,SP,334429,99eaacc9e6046db1c82b163c5f84869f
14405,-20.5353004806981,-47.41236293955156,FRANCA,SP,334433,002100f778ceb8431b7a1020ff7ab48f
14407,-20.48733428511492,-47.41559207749094,FRANCA,SP,334452,ececbfcff9804a2d6b40f589df8eef2b
14580,-20.42621599883804,-47.825646987088376,GUARA,SP,336704,c3867b4666c7d76867627c2f7fb22e21
14600,-20.584441273723943,-47.86021517030241,SAO JOAQUIM DA BARRA,SP,337472,6d803cb79cc31c41c4c789a75933b3c7
14781,-20.5339514454671,-48.55325470191585,BARRETOS,SP,338806,dd533b429f380718b70ad9922c294bae
14709,-20.92979967317536,-48.49403968056472,BEBEDOURO,SP,338899,6a8b085f816a1f75f92dbac6eb545f8f
14870,-21.253238474692573,-48.32187834364533,JABOTICABAL,SP,341313,c68fb906c8f4b4b946d8386bfa6e5467
14804,-21.75768453900164,-48.19511820892615,ARARAQUARA,SP,341333,79565f7d5603b24ddf07ade262547f2f
14808,-21.83746140605341,-48.144462998615005,ARARAQUARA,SP,341351,834f3294fba9f932f56edc879193f925
14806,-21.747811513705948,-48.16169977655383,ARARAQUARA,SP,341358,a218df5c097b0ca409cfaac1488cc7f6
14840,-21.36638094534681,-48.2203674778317,GUARIBA,SP,341364,4869f7a5dfa277a7dca6462dcf3b52b2
14882,-21.25045726296586,-48.31690724491581,JABOTICABAL,SP,341365,4e7c18b98d84e05cbae3ff0ff03846c2
14802,-21.773027483207347,-48.18459230737496,ARARAQUARA,SP,341376,3586b8580d9c917874e053a1bb37b5ff
14960,-21.471704072332383,-49.2139519512295,NOVO HORIZONTE,SP,344627,e8b4225284fbb02d16f200513f1f395d
14940,-21.7506212217083,-48.83149741274348,IBITINGA,SP,344628,2d50d6282f8aa2257819a77bfaa0efe0
15025,-20.816686578378,-49.39492494796845,SAO JOSE DO RIO PRETO,SP,345762,1f50f920176fa81dab994f9023523100
15076,-20.82465971918183,-49.35302918240734,SAO JOSE DO RIO PRETO,SP,345786,5e105f5c9f63f5f1fd75d6cb942e55b1
15081,-20.83979142604185,-49.36434379063306,SAO JOSE DO RIO PRETO,SP,345821,cbd996ad3c1b7dc71fd0e5f5df9087e2
15013,-20.820423405739128,-49.37130081674534,SAO JOSE DO RIO PRETO,SP,345822,b372ee768ed69e46ca8cdbd267aa7a38
15054,-20.787513628714887,-49.36387645720541,SAO JOSE DO RIO PRETO,SP,345862,e2c92f9c1c7746d899d18f2e158bbff7
15093,-20.84883903859344,-49.40875231323009,SAO JOSE DO RIO PRETO,SP,345945,247587846358bb1d2e4c6522020b36fe
15601,-20.29811259961654,-50.25331663457617,FERNANDOPOLIS,SP,354372,f326006815956455b2859abd58fe7e39
15704,-20.28014212584908,-50.55323223695461,JALES,SP,355159,3df020b72d3d44b3af9d110fa3940b65
15840,-21.31659353471437,-49.05362504097931,ITAJOBI,SP,356253,054694fa03fe82cec4b7551487331d74
15806,-21.137460432973626,-48.95773243505108,CATANDUVA,SP,356281,9a1aea68d3efa00862ec88c0768037d0
15810,-21.147921827370272,-48.97234074424372,CATANDUVA,SP,356304,11742f81550ac064cc9a40f67151d9ad
15805,-21.124300389953248,-48.966285122396,CATANDUVA,SP,356458,3296662b1331dea51e744505065ae889
15940,-21.27295296247535,-48.68963799004073,FERNANDO PRESTES,SP,358066,60da8bfa7eebe230b7d66ac4082d79b3
16012,-21.21442641104507,-50.40542484693288,ARACATUBA,SP,359505,efcd8d2104f1a05d028af7bad20d974b
16200,-21.303314868389645,-50.33528422537569,BIRIGUI,SP,361032,709e16e2b25c7474d980076c6bfc4806
16301,-21.43244049954755,-50.06402188573603,PENAPOLIS,SP,362063,7142540dd4c91e2237acb7e911c4eba2
16304,-21.435836710407333,-50.07708629765352,PENAPOLIS,SP,362094,1b938a7ec6ac5061a66a3766e0e75f90
16800,-21.143838395401044,-51.11112298243324,MIRANDOPOLIS,SP,364296,9e6229250fedbe05838fef417b74e7fb
17032,-22.32817929115924,-49.02886625465973,BAURU,SP,365470,e5e33c0d8e7e002f398f5dc4cbbb338f
17030,-22.32051016097297,-49.04876201927414,BAURU,SP,365475,eec3469d83e142f9a104886655338c37
17026,-22.297210743262784,-49.04576223564539,BAURU,SP,365505,e9511df20ccd82658a30c37b7fb343af
17056,-22.362989238963618,-49.10417917098495,BAURU,SP,365771,817245bcc3badd82bbd222e0366951a6
17210,-22.28121589546653,-48.53868307598841,JAU,SP,369055,66dc1b1632bd6a3e508510c5b3492107
17250,-22.08579491404656,-48.75018941020412,BARIRI,SP,369057,f235413f677777a0738ff215d0184901
17209,-22.273780358041392,-48.54247513835192,JAU,SP,369090,4d6d651bd7684af3fffabd5f08d12e5a
17320,-22.411500328698448,-48.45605058860306,MINEIROS DO TIETE,SP,370794,729b2d09b2a0bdab221076327f13d050
17514,-22.178727817098487,-49.9202370051359,MARILIA,SP,372384,5f06030071324cc52bf0304014ac7234
17500,-22.21144288996244,-49.95181030588628,MARILIA,SP,372422,6a51fc556dab5f766ced6fbc860bc613
17504,-22.213119195394988,-49.9553828381903,MARILIA,SP,372500,4a3ccda38b2129705f3fb522db62ca31
17602,-21.93254148397972,-50.48623544215635,TUPA,SP,374598,1f9ab4708f3056ede07124aad39a2554
17900,-21.4988715,-51.53786099999999,DRACENA,SP,376801,37515688008a7a40ac93e3b2e4ab203f
18072,-23.43081181932019,-47.50741134583637,SOROCABA,SP,377513,6481e96574816ead57975da2c0f6d80d
18017,-23.495895460730544,-47.421057902995,SOROCABA,SP,377522,f5b44895715ddfe3087dc414f30268f3
18044,-23.50923883596862,-47.48401081779099,SOROCABA,SP,377527,ba6ce6de456f6c11d08c17701ba5c26f
18025,-23.52070693144441,-47.438424246321205,SOROCABA,SP,377549,9d4db00d65d7760644ac0c14edb5fd86
18087,-23.44401678934156,-47.373165162502175,SOROCABA,SP,377564,3771c85bac139d2344864ede5d9341e3
18055,-23.480488604106377,-47.51214891470318,SOROCABA,SP,377585,a17f621c590ea0fab3d5d883e1630ec6
18015,-23.5042481312828,-47.43381525590049,SOROCABA,SP,377645,3d4824f20035949c710eaf111f869d39
18110,-23.53949605023373,-47.451092483640046,VOTORANTIM,SP,382511,cfb1a033743668a192316f3c6d1d2671
18185,-23.811240731793266,-47.7276250662848,PILAR DO SUL,SP,382527,f61c63d13f7cd800549d5acdd390ae72
18136,-23.54663300415304,-47.13157695974597,SAO ROQUE,SP,382529,7c4618c82226628831613e95e9c22f44
18270,-23.350225906753863,-47.852898132577245,TATUI,SP,385900,7178e1eaa97257d8b6d4b80efd77a025
18401,-23.971745125190864,-48.86839252810589,ITAPEVA,SP,388940,dc7192adf8ba09569261f4a8d576afe0
18550,-23.272872073498604,-47.67632329684783,BOITUVA,SP,390064,7c1fea10b5b006671d608b1d7c446ec4
18500,-23.05166243103252,-47.83935039056969,LARANJAL PAULISTA,SP,390082,7aa4334be125fcdd2ba64b3180029f14
18530,-23.11038571875221,-47.70881019788384,TIETE,SP,390087,817f85dbb65aa3e70831d90fe75cdf89
18608,-22.870723316365783,-48.45221780090914,BOTUCATU,SP,392242,082e0bf4cb865a6533b1e8e498cc0255
18611,-22.878819618096824,-48.4382322403486,BOTUCATU,SP,392293,02f623a8eb246f3c5f7c2f96462654e6
18680,-22.59967746701564,-48.80154099855051,LENCOIS PAULISTA,SP,392299,bdb3edbaee43a761e2d4f258dc08f348
18950,-23.06250342877329,-49.62721252652433,IPAUSSU,SP,396424,e333046ce6517bd8bb510291d44f0130
19025,-22.097091467943912,-51.40592221051419,PRESIDENTE PRUDENTE,SP,397109,6c7d50c24b3ccd2fd83b44d8bb34e073
19020,-22.11542601839502,-51.38459355727485,PRESIDENTE PRUDENTE,SP,397116,5b85809efd0d0e4dea1a9544e1280ed9
19023,-22.10748364631613,-51.40235380027065,PRESIDENTE PRUDENTE,SP,397119,c4d51195486dc781531876a7d00453d8
19063,-22.11758214058677,-51.44524616121508,PRESIDENTE PRUDENTE,SP,397142,81f89e42267213cb94da7ddc301651da
19042,-22.13335233749962,-51.38772479997239,PRESIDENTE PRUDENTE,SP,397523,8a432f4e5b471f8da497d7dc517666e2
19029,-22.07708974256958,-51.41548624933166,PRESIDENTE PRUDENTE,SP,398152,4559697a8f7e637227c2eeaed843baff
19470,-21.771396,-52.10819099999999,PRESIDENTE EPITACIO,SP,399936,e4ebd3f87bf70440014f07ddda7fbe03
19802,-22.67306674784501,-50.42649300309832,ASSIS,SP,401733,c447f8dd3ed213f291d65ef074a268eb
19814,-22.66712692856859,-50.41649000676698,ASSIS,SP,401739,4bf2f4ee540798a61f9636d12cd9cc80
19806,-22.65705132363801,-50.428301902223936,ASSIS,SP,401746,1976a05ecf2996d6ffb7b5430e635fe7
19800,-22.66661147821569,-50.41698274854289,ASSIS,SP,401762,1336efc61c316ddf92c899eb817f7cae
19803,-22.677471418353925,-50.43604083276329,ASSIS,SP,401792,8bb48dc19fccaa8613b6229bf7f452a2
19804,-22.66238317236307,-50.43297452205859,ASSIS,SP,401817,5d3bb11474a06bdc23fb9e89f1164ee0
